x,y,mass
-7.687297,5.501391,1.669536
-1.692227,-0.999795,0.649962
-1.893173,-0.975511,0.714300
1.686881,1.194070,1.582998
-1.729387,-0.878785,1.988317
-1.667004,-1.440973,0.510599
-1.782525,-0.989408,1.099791
24.073952,-14.137670,0.849157
10.582771,-8.864693,1.073693
-1.594195,-0.490821,1.789911
-1.799020,-1.273355,0.519897
-1.823722,-0.862654,1.078125
16.036173,10.768055,0.861538
-1.874550,-0.786360,1.749792
-1.855116,-0.778843,0.773354
-1.592228,-0.744282,0.811912
-1.862548,-0.979771,1.763427
-0.968739,-1.423072,1.889988
-1.786155,-0.255474,1.355666
-1.793024,-0.762296,1.766801
-0.827116,-0.660573,1.380127
-1.720731,-0.501615,0.913999
16.619820,7.792982,0.523455
-1.943823,-0.766542,0.940232
8.537168,8.187681,1.567013
-1.642284,-0.607426,1.889451
-1.655553,-0.473661,1.775058
-1.900360,-0.802182,1.056227
-1.902003,-0.564735,1.386947
-1.950918,0.478764,1.074390
-1.396406,-1.122542,1.582594
-1.258645,-4.063232,0.560650
-1.585705,-0.765377,1.159005
-1.857175,-0.902847,1.213055
-1.713341,-0.836888,0.708997
-1.823057,-0.671487,0.804592
-0.901246,-0.169064,1.542177
-1.764620,-0.692555,0.943451
-0.915745,0.056834,0.827661
-1.971913,-0.767455,0.986518
-1.732519,-0.916420,1.860243
-1.677579,-0.221495,0.500781
-2.023421,-0.594869,0.746984
-1.786496,-0.792640,1.538654
16.648700,7.678258,0.752437
-1.855143,-0.498120,1.105754
16.080684,16.659703,0.870314
-2.050392,-1.291641,0.722130
-1.479672,-2.334804,1.964922
-1.331414,-0.785750,1.017607
-1.764896,-0.677160,1.296402
-1.675567,-0.752938,1.389045
-1.275146,-0.441564,0.863240
-1.699838,-0.739680,1.975135
-1.803757,-0.794879,1.697518
-1.051726,-0.261672,1.543719
-1.913652,-0.548952,0.830362
-1.776876,-0.832622,1.022999
-1.783094,-0.790946,1.096358
2.971417,6.178869,1.513535
-7.588627,5.309204,1.312172
-12.098006,17.051636,0.762432
-2.111011,-0.583942,0.891244
-22.642468,-14.926631,1.337440
-1.759491,-1.370014,0.918307
-2.488834,-1.091963,1.784486
-1.817451,-0.802790,1.776393
-1.834303,-0.740273,1.503482
-1.788589,-0.650215,1.910200
5.364254,5.787323,0.958046
-1.935538,-0.889007,1.991686
18.278331,9.537879,1.240841
-1.837595,-0.833838,1.616256
-1.802874,-1.038955,1.313810
-1.889541,-0.704064,0.875693
-1.675143,-0.577804,1.230113
-2.153115,-0.448601,1.025118
-1.751640,-0.852411,1.796251
4.964747,-4.666213,1.358006
-1.565611,-0.600020,1.991826
-1.782878,-0.825012,1.825241
-1.824993,-0.930777,0.996125
-1.813206,-0.589711,1.970497
-1.136378,-1.166952,0.786367
-1.803942,-0.870230,1.059030
-1.870333,-0.774891,1.895025
16.073406,16.670218,1.506715
-0.098454,-0.027354,0.942936
-1.444219,-0.580176,0.704932
-1.745403,-0.887619,0.944765
-1.686498,-0.451945,1.417271
16.597939,7.756067,1.441842
16.634180,7.750287,1.095176
-1.702069,-0.799435,0.541425
-1.651119,-0.682646,1.508039
16.618401,7.764368,1.972761
-1.793957,-0.765875,0.875377
-2.431809,0.047859,1.305624
-1.721944,-1.247754,0.907314
-1.951796,-0.303949,1.763035
-1.761011,-1.022468,1.549268
18.358055,9.528557,1.954305
-1.678576,-1.027710,1.098231
-2.100056,0.152849,0.876291
16.576733,7.774444,1.142472
-1.851062,-0.831597,1.872821
-2.031316,-1.485517,0.640810
-1.775582,-0.765348,1.457406
-1.736190,-0.832470,1.153509
-1.628696,-0.745292,1.349056
15.982162,8.691267,1.012820
16.720563,7.775676,0.967120
-0.047615,19.237833,0.525742
-14.232465,-0.153092,1.019456
-1.826850,-0.954060,0.572088
-1.709472,-0.860666,0.891340
24.094909,-14.098966,1.251560
-1.685312,-0.745693,1.423777
-1.766416,-0.870744,1.800798
-1.778684,-0.933190,1.515753
-1.673180,-0.283799,1.716806
-1.557106,-0.668245,1.730640
-6.726119,3.778330,0.910942
-1.830563,-0.801219,0.558445
-1.894315,-0.463313,1.483584
3.429182,-9.708458,1.010937
-1.571429,-0.679008,1.539336
-1.786725,-0.942743,0.558779
-1.396356,0.047600,1.321958
-1.944843,-0.841143,1.363887
-1.522460,-0.669140,0.875025
-1.356029,-0.825210,1.342800
15.828993,-17.198196,1.609863
-1.564342,-0.847016,1.301491
-1.741655,-0.761697,0.946453
16.557551,7.770119,1.937812
-2.064663,-1.136786,1.935201
-1.826078,-0.805308,1.239538
16.639946,7.714360,1.403661
-1.665710,-0.698381,1.919292
-1.771675,-0.785938,1.896394
-22.656588,-14.955592,0.583807
-1.944439,-0.774938,1.558747
-1.924868,-0.768323,1.755446
-1.717844,-0.119118,1.139137
-1.844641,-0.803617,1.837845
-2.110109,-1.983038,0.849842
-1.555220,-0.811915,1.820540
-1.857798,-0.786498,1.387833
-1.690227,-0.759766,1.222500
-1.831031,-0.723131,0.873086
-1.985980,0.739204,0.880523
-1.726420,-0.762808,1.611461
-14.237231,-0.180759,1.616317
-12.090686,17.038237,1.100334
-1.778762,-0.819143,1.292555
-1.699546,-0.745956,1.966851
-1.748513,-0.686096,0.565101
-1.696697,-0.713805,0.879485
-1.642295,-0.886794,0.749323
3.109126,-9.032204,1.993747
-1.967665,-1.133276,1.605651
-1.296042,-0.782184,0.586796
-1.919198,-0.702985,1.003490
4.967091,-4.666069,1.082403
-1.243909,-4.060384,1.040518
16.775476,7.522519,0.548474
-1.114472,-0.956925,1.404173
16.661041,7.926261,0.614301
-2.556845,0.447928,1.371744
-1.803926,-1.074375,1.814992
-1.968914,-0.672340,1.116883
-1.964666,0.108941,1.977929
-2.035004,-1.161697,1.089484
-1.704728,-0.854498,0.595268
16.968022,7.820654,0.520508
-1.599447,-0.710431,1.301519
-1.469337,-0.770956,1.377724
-1.440126,-1.180750,1.066776
16.480566,7.607754,0.877164
16.654365,7.778350,1.817331
-1.706145,-0.561851,0.903009
-1.688361,-0.876523,1.214316
-2.260140,-0.717836,1.724579
-1.774471,-0.925750,1.687727
-1.606946,-0.418522,1.130804
-1.960263,-0.951502,1.707567
-1.772489,-1.177837,1.970694
-1.746813,-0.842559,1.332223
5.144117,-4.834893,1.321169
-1.745756,-0.847911,0.946939
-1.927607,-0.765898,1.694708
-1.801623,-0.842188,1.653377
16.527019,7.814286,1.431209
17.980733,9.913561,1.369475
-1.452811,-0.579412,1.190179
-2.100055,-0.298300,1.546501
-2.209922,0.105514,1.117492
-1.994929,-0.831162,1.959666
-1.599801,-0.562254,1.732686
-1.859187,-0.941035,0.547707
-2.045968,-0.977270,1.033987
-7.603337,5.294227,0.995149
-1.522582,-1.021058,1.221718
-1.919669,-0.675940,0.735467
-2.392819,-1.566292,1.802452
16.398591,-17.568715,1.979385
-1.962562,-0.962818,0.854175
-1.836784,-0.859339,1.580774
18.266346,9.369120,0.699675
-1.731759,-0.820790,1.624424
-1.535093,-0.549593,1.031220
-2.347727,-0.072006,1.606108
-1.918551,-0.845203,1.761065
-1.465306,-0.689867,0.849825
-1.947232,-0.698647,1.032656
-1.854530,-0.744596,1.376299
-1.893856,-1.092685,1.379803
-1.465555,-0.784120,1.006170
-1.690780,-0.786054,0.866530
-2.610383,0.153004,1.900538
16.047451,10.782021,1.048035
-1.505032,-0.166120,0.631831
-1.554376,-0.734603,1.763471
16.631010,7.772343,1.545442
-1.732805,-0.766767,1.363998
-1.773975,-0.771503,1.962601
-1.918269,-1.315859,1.731292
-1.787970,-0.377072,1.214929
-1.733123,0.082741,1.951991
-7.568850,5.341988,1.604371
-1.820343,-0.843374,1.651669
-1.742111,-0.827593,1.898022
-1.611977,-0.543972,1.053846
-1.802961,-0.883051,1.323383
5.010134,-4.819677,0.631802
18.251530,9.949729,0.675044
-1.731328,-0.388434,1.691434
-1.772398,-0.765724,1.618962
-1.827241,-0.842436,1.986394
-1.884132,-0.299928,1.889674
-1.742736,-0.532214,1.672272
-1.757843,-1.391988,1.699306
-2.176236,0.204231,0.853538
-1.745904,-0.717174,0.974295
-1.663706,-0.734623,1.177923
-2.343967,-3.227885,1.436152
-1.859278,-0.850178,1.366229
-1.702458,-0.827495,1.297786
16.073985,16.720664,1.314274
-1.738073,-0.799340,1.595824
-7.654649,5.186748,1.817944
-2.514868,-0.864435,1.359726
-1.661643,-0.367446,1.560471
-1.795004,-0.754159,0.806817
-1.772811,-0.892642,1.631953
-1.410693,-0.881218,1.068232
-1.854889,-0.878765,1.253433
-1.953182,-0.771616,1.113433
-1.868496,-0.667890,1.397664
-1.781538,-0.674085,1.398544
-1.766222,-0.841487,1.013786
-1.692746,-0.784040,0.931894
-0.635834,0.595447,0.708674
16.082548,16.703605,1.589143
-1.531100,-0.594780,1.878126
-1.773286,-0.684459,1.477051
-1.907753,-0.592213,0.603382
16.533614,7.799388,1.760659
-1.740802,-0.572444,0.853859
20.666885,9.182934,1.756236
-1.842099,-0.368477,0.841093
-1.809306,-0.715819,1.616374
-1.991431,-0.785991,1.405582
-1.447000,-0.937548,1.795277
-2.033581,-0.764918,1.221255
-1.990250,0.586770,0.549270
-1.888167,-0.982213,1.366448
18.253495,9.335667,0.967210
-1.733376,-0.320990,0.830146
7.486645,-7.314600,1.963312
-1.695615,-0.861167,1.790948
12.432123,7.385714,0.949394
18.472260,3.607675,1.140183
-1.349217,-0.726358,1.202348
-1.816663,-0.729963,1.754847
-1.785115,-0.859768,1.571089
-1.703225,-0.788245,1.221632
2.943988,6.190646,0.654472
-1.687101,-0.752055,1.629869
16.598634,7.879974,1.289868
-1.745982,-0.742736,1.759683
-1.297209,-0.476587,1.327584
16.570253,7.773851,1.258262
-1.952608,-0.890101,1.354165
-1.637343,-0.738535,1.581220
-1.666495,-0.569823,1.404796
-1.772415,-0.847343,1.916615
-1.829570,-0.804235,0.985985
4.930935,-4.774615,1.603857
-2.031065,-0.689222,1.814666
-1.879678,-0.868586,1.865936
-1.781887,-1.036585,1.737661
-2.016095,0.395242,1.745982
-2.317953,-0.935968,1.044137
-1.658964,-0.081999,1.961821
-2.185348,-0.830478,1.348665
-1.557563,-0.813454,0.773161
-1.713445,-0.811527,1.612530
-1.610574,-0.853169,0.827035
-2.073154,-1.312531,0.698414
-1.849706,-0.867154,1.524776
-1.690328,-0.787657,1.722582
-1.844859,-0.860168,1.107872
-0.272614,0.209432,0.659868
16.555794,7.343870,0.899748
-1.689354,-2.008640,1.449647
-1.759966,-0.774523,1.757160
-1.585432,-0.627944,1.133054
-1.686008,-1.346801,0.776556
-1.705561,-0.979626,0.602375
-1.888631,-0.928134,1.873271
-1.732298,-0.641624,1.923960
-0.697002,-1.016285,0.702502
-1.744815,-0.755668,1.309764
-1.892039,-0.802816,1.769612
-1.412399,-0.893805,1.434999
-2.619780,-1.052743,1.027310
-1.719285,-0.831877,1.397429
-1.578420,-0.565623,0.616648
13.988466,-8.032975,0.507881
-1.725350,-0.894759,1.711145
-1.946547,-1.202655,1.535840
-1.779464,-0.695243,1.937256
-2.142530,-0.404379,1.638554
-1.955534,-0.822978,1.970865
-2.008289,-0.732704,1.539763
-1.199438,-0.265518,0.566248
-1.683738,-0.400378,1.333710
-1.696946,-0.752428,0.680784
-12.113951,17.042632,0.672923
-1.887600,-0.816314,1.617597
-1.819312,-0.609305,1.283652
-1.836667,-0.947106,1.047046
-1.805510,-0.640910,1.827498
-1.625925,-0.629758,1.106728
2.962967,6.180746,1.307602
-3.085696,-0.159024,1.280252
-2.006889,-0.728135,1.126259
-1.927608,-0.496809,0.500356
-1.867561,-0.992957,1.898885
16.480940,7.842842,0.579026
16.731748,7.835501,1.219672
-1.884394,-0.900552,1.097431
-1.743122,-0.990435,1.283779
-1.974799,-0.547758,1.200966
-1.812107,-1.143307,1.573330
-1.714464,-0.817284,1.865509
16.752986,7.851543,1.087445
-1.743073,-0.993699,1.696984
-2.038828,-1.128850,1.973496
-1.804528,-0.902149,1.855586
-1.832896,-0.869247,0.597480
-1.685365,-0.810550,0.845854
-1.753117,-0.554891,0.570418
-1.637740,-0.640626,1.935905
-2.120682,-0.993810,1.444667
7.486041,-7.315419,1.395911
-1.594043,-0.810140,1.272872
-2.266456,-0.985039,1.846154
-1.733019,-0.680462,1.621807
-1.813552,-0.768742,1.790190
-2.671965,-1.030186,0.909439
-1.757462,-0.786368,1.778290
-1.539752,-1.050013,1.897384
-1.867427,-0.614904,0.878974
-1.645514,-0.848717,0.573175
-1.853956,-1.023773,0.664203
-1.851721,-0.636641,0.592276
-1.793308,-0.795130,1.859771
-1.764586,-1.005108,1.315668
-1.813261,-0.653655,1.281890
-1.623559,-0.897495,0.736011
-1.737370,-0.670965,0.858035
-1.872846,-0.803334,1.548486
-1.757584,-0.752118,1.941973
-1.498138,-0.395418,0.507718
-1.766650,-1.007830,1.863052
-1.715125,-0.480167,1.634954
16.517646,7.787662,0.626147
-1.734140,-0.553970,0.673766
-2.270982,-3.106875,1.728019
-2.047029,-0.735029,0.527642
-1.901368,-1.058517,1.088227
-1.660503,-0.674624,1.683210
-1.749361,-0.864423,1.920947
-1.780819,-0.924179,1.562858
-1.811704,-0.899991,0.612042
-1.706109,-0.701346,1.514078
-1.878483,-0.644348,1.391594
-2.375750,-0.885222,1.732269
-2.183626,-0.544068,0.878763
18.276930,22.937614,1.202809
-1.805688,-0.807958,1.781315
2.952090,6.199067,0.947562
-1.771974,-1.393403,0.845081
-1.888690,-0.704266,1.944855
-2.271212,-0.924000,1.864287
-2.002895,-0.683232,1.640141
-1.809635,-0.846457,0.981114
-0.794254,-0.367056,0.800539
-1.695360,-0.722060,1.344125
-1.770644,-0.886335,0.738869
17.232380,7.493591,0.730487
-1.868012,-0.820548,0.526793
-1.888750,-0.859137,1.867754
-0.029698,19.194507,1.193146
-1.616087,-0.779689,1.410960
-0.934620,-1.922642,0.838310
-1.405472,0.185498,0.988888
-1.762538,-0.899832,1.976527
-0.852762,-1.752824,1.520685
-1.730841,-0.813113,1.582831
-1.109682,-0.379777,1.928973
-1.568191,-1.517802,1.623742
17.359493,8.419019,1.356357
-1.794819,-0.995177,0.815524
-1.759353,-0.483367,1.911856
-1.996028,-0.809848,1.823800
-1.803065,-0.600845,1.036702
-1.027023,-1.542422,0.801289
-1.916705,-0.793069,0.561775
-1.850962,-1.181731,0.686330
-1.495068,-0.704891,1.424907
-1.905928,-0.657902,1.902803
-1.751206,-0.506951,1.675134
-1.884589,-0.904013,1.491230
-1.816725,-0.843289,1.675749
-1.771722,-0.739392,0.745999
-1.855195,-0.798235,1.389918
-1.931809,-0.768245,1.423613
-0.847751,-0.369827,1.616419
-1.679205,-0.675489,0.565492
18.379582,9.807681,1.479895
-1.755389,-0.843962,1.239915
-1.779858,-0.399795,0.830842
-2.077480,-1.201416,1.760679
-1.740694,-0.646046,1.123861
-0.830690,0.803661,1.603025
-1.884809,-0.819498,1.314951
-1.583295,-0.876100,0.544092
-1.761348,-1.190054,1.396585
-1.871872,-0.762859,1.988200
2.574803,-3.606823,1.075771
-1.705349,-0.642408,0.853688
-1.653681,-0.888759,1.402783
-1.771462,-0.687959,1.268923
-1.306412,-0.555265,1.155748
-1.901024,-0.931662,1.389378
-1.708961,-0.561882,0.642892
-2.033437,-0.893435,1.098569
-1.369115,-0.423076,1.382619
-1.682466,-0.971911,0.855542
-1.514731,-0.596287,1.163037
-1.918610,-1.275735,1.504086
-1.340163,-0.255028,1.381827
-2.035402,-0.989085,1.038876
-1.845287,-1.009683,1.035098
-1.005540,1.376715,1.558078
-1.837793,-0.968119,1.337210
-1.596966,-0.648203,1.980039
16.066381,16.643284,0.577545
-0.362106,-0.434251,0.770016
16.563390,7.787644,1.377006
-1.808122,-0.733436,1.219846
-1.683188,-0.826563,0.984696
-1.761903,-0.789083,0.881337
-1.742958,-0.768640,1.298367
18.390040,9.867020,0.715314
-2.270219,-2.176101,0.743573
8.323612,-6.507102,0.734246
-1.757155,-4.167303,0.882960
-1.671502,-0.752159,1.061445
16.032194,10.776865,1.746316
-0.558035,-0.848240,0.669665
-1.668690,-0.665315,1.400914
-1.529738,-0.813376,1.500457
-1.821220,-0.986025,0.738931
-1.778922,-0.776471,1.799658
-1.655366,-1.003596,0.635723
16.639165,7.761186,1.475767
-1.744823,-0.912041,1.157259
-1.725099,-0.930454,0.975794
-1.987408,-0.757416,0.945304
-1.905576,-0.819847,1.445313
-1.844571,-0.699735,1.070630
-1.713317,-0.639658,1.318530
-0.924096,-0.098080,1.380593
4.989182,-4.593097,1.639016
-1.840451,-0.700679,1.927218
-1.691295,-0.672806,1.720649
18.310831,9.547411,1.289936
-0.645510,-1.165050,1.091548
-1.880701,-0.924670,1.573236
2.942736,6.194854,1.146293
-2.025570,-0.949955,1.931990
-1.893403,-1.049645,0.795731
-10.880814,4.933027,0.749497
-1.911707,-0.807687,1.505144
-1.781014,-0.836791,1.371398
4.893437,-4.762673,1.099858
-1.696797,-0.753305,1.283722
-1.804562,-0.809758,1.699672
4.954477,-7.961318,1.690111
-1.872935,-0.879790,1.136791
-2.039681,-1.091682,1.060265
-2.072504,-0.968679,0.503876
-1.752519,-0.718970,1.390308
-1.716470,-0.812369,0.762160
-1.869902,-0.852488,1.654917
-1.551818,-0.653127,0.953091
-10.697475,0.480400,1.507137
-1.747112,-1.411231,0.724556
-1.952795,-1.341999,0.852853
-1.664398,-0.693278,1.303037
-2.332941,-2.096773,0.845369
-1.788129,-0.897786,0.885326
-15.202863,-2.405139,0.712662
-1.937683,-0.627738,1.513762
-1.830217,-0.721469,1.586775
-1.869970,-0.701872,1.728061
-1.892849,-0.836459,1.858287
-1.763113,-0.950774,1.467935
-1.728693,-0.554243,1.050434
-1.737209,-0.693686,1.163615
-1.913453,-0.778351,0.604897
-1.900221,-0.851070,1.389218
-12.091481,17.066510,1.185288
16.574639,7.765138,1.067715
-2.439116,-1.345073,1.169529
-1.785690,-0.786967,0.633151
-1.747540,-0.837178,1.632257
-1.626369,-0.838676,1.134034
-2.023885,-1.565667,0.951280
-2.120602,-0.307575,1.073789
-1.917981,-1.150071,0.530040
-2.586289,-3.128947,0.865485
-1.829899,-1.995482,0.885571
-3.243024,-2.508497,1.412730
-1.080800,2.516654,0.594664
16.075620,16.712111,1.012512
-1.704885,-0.412350,0.858583
2.949901,6.246986,0.919555
-1.815024,-0.596638,0.742646
-1.953864,-0.918015,1.349863
-1.717573,-0.821518,1.095768
-1.850806,-0.849637,1.511456
-1.815764,-0.722328,0.711917
-1.801419,-0.862464,0.983792
16.004840,16.712330,0.835422
-1.825732,-1.044252,1.899096
-1.836047,-0.735226,0.970592
16.562692,7.781186,1.847392
-1.498644,-0.874454,1.929196
-1.480528,-1.530053,0.682643
-1.941060,-0.720446,0.848827
-1.653712,-1.101079,0.683053
-1.523591,-1.092562,1.814158
-2.618155,-0.126129,0.500499
-1.738451,-0.826167,1.047197
-1.516830,-0.965267,0.787674
12.126359,-6.836015,1.631380
-1.844014,-0.858413,1.145506
18.355204,9.873759,1.674044
16.615887,7.772936,1.537427
-1.640302,-1.193946,0.843342
17.479192,14.570746,0.760629
-1.773464,-0.842080,1.586476
-1.770467,-0.930984,1.481114
-1.570377,-0.536339,1.222452
-1.744816,-0.881542,1.945733
16.607886,7.706039,1.127871
-1.839746,-0.829780,1.521462
-2.120045,0.164042,0.985251
-0.826083,0.790507,0.798284
16.642689,7.718343,1.057113
-1.690661,-0.822547,1.249001
16.580803,7.739260,0.690800
-1.753485,-1.139431,1.477566
-1.605498,-0.827034,1.789348
-1.884116,-1.122325,0.699718
-1.294054,-0.924066,1.914247
-1.721358,-1.403885,0.919052
-1.884797,-1.234235,1.671756
-7.774269,2.495722,1.079523
-1.647070,-0.839591,1.834086
-2.134670,0.160429,0.658540
-2.311460,-0.756150,0.571746
-1.854165,-0.783496,1.488553
-1.793566,-0.920740,0.553356
-1.936012,-1.003666,1.192920
-22.647159,-14.928306,1.913473
-1.870149,-0.195248,1.118196
-2.787376,-1.434141,0.603069
-1.211652,-1.296274,1.271986
-1.679484,-0.806607,0.841764
-2.308949,-0.684642,0.515642
16.758567,7.767195,0.603881
-1.537534,-0.517381,1.843722
16.600209,7.803711,1.211504
-1.827726,-0.854411,1.880446
-1.896474,-0.874085,0.734958
16.405967,7.701610,1.397797
-1.781042,-0.942532,1.325138
-16.838044,2.899554,0.910687
-1.489990,-1.086823,1.244072
5.035671,-4.607868,1.507182
-1.287829,-1.127322,0.887647
-1.943425,-0.912126,0.831595
-1.761844,-0.874662,1.336720
16.542264,7.816623,0.980090
-1.685889,-1.332720,1.309334
-1.735631,-0.423105,1.527947
-1.883481,-0.906689,1.232591
-2.169718,-0.810959,1.120125
-1.260614,-0.268119,1.417911
18.244155,9.558707,0.640635
-2.033794,-0.615969,1.150701
-1.829227,-0.970130,1.717628
-10.667208,0.516523,0.916853
-2.001753,-0.700252,1.486340
-1.566392,-1.032892,1.722678
-1.873804,-1.023292,1.062890
-1.491434,-0.793631,1.772072
-1.836691,-0.847496,0.516547
-2.552362,-0.304193,1.517568
-10.730174,0.405711,1.205479
-1.655282,-0.760717,1.078064
-1.446824,-0.435309,0.825814
-2.304940,0.184404,0.502820
18.355351,9.525777,0.750328
-1.750353,-0.687747,1.103491
-1.741999,-0.526265,1.585107
16.070812,16.746877,1.554415
-1.742243,-0.315750,1.399053
-1.822096,-0.915942,0.983162
-15.115569,1.163953,1.543123
-1.792440,-0.690574,0.814763
-2.216617,-0.842671,1.060194
11.226382,-9.315480,0.853786
-1.858823,-0.790637,1.702050
-1.615978,-0.879123,0.949165
4.838881,-4.305338,1.244250
-1.809944,-0.690957,1.986690
-1.652715,-0.589850,1.925469
-1.982921,-0.692796,1.969470
-4.290802,-0.670406,1.378715
-1.821375,-0.769706,1.894425
-1.786159,-0.805407,1.779092
-1.712155,-0.991637,1.192599
-1.555359,-0.471223,1.906030
-1.637037,-0.390372,0.574763
-1.791586,-0.747135,1.670320
16.717360,7.588089,0.837836
-1.894390,-0.796025,1.883935
-2.491930,-1.209252,0.924119
16.569507,7.995335,0.913580
-1.001469,0.042755,1.962252
-1.532250,-0.628676,1.767184
16.597457,7.909746,1.779634
11.094757,-17.107127,1.342989
-1.818560,-0.883355,1.657787
16.068548,16.714368,1.598673
-1.777854,-0.769853,1.823203
-1.885206,-1.000194,1.681570
-1.869095,-0.872374,1.969326
5.081198,-4.632366,0.786786
-1.717409,-0.812163,1.920554
-0.029422,19.191371,0.533053
-1.949451,-0.916673,0.633260
-2.314896,-0.462158,1.970775
-2.120271,-0.941266,1.313819
-1.887861,-0.861836,1.419350
-1.851755,-0.887195,1.142946
-1.849977,-0.954346,0.824136
-1.834516,-0.594991,1.190243
-3.433837,-2.826639,1.680455
-1.871044,-0.744977,1.967093
-1.601299,0.146339,1.009666
-1.860875,-0.738114,1.637638
-2.117646,-1.080402,0.689381
-22.667802,7.258105,0.883240
-1.935143,-0.848940,1.626094
-1.885376,-0.764940,0.641228
-1.445706,-0.980951,1.086093
-1.864060,-0.698884,1.177545
-2.070376,-0.819021,1.161608
21.227457,8.074222,0.641054
-2.003742,-0.690278,0.914663
2.593635,-3.633450,0.793761
-1.982978,-1.046746,1.171404
-2.196018,-0.427940,1.420210
-1.761324,-0.812970,0.753281
-1.798040,-0.912985,0.550075
-1.206172,-0.741266,1.730566
-1.791654,-0.848625,1.951634
-1.864610,-0.835667,1.609595
-1.843402,-0.946579,1.228038
11.321440,-9.345840,0.984517
-22.672638,-14.954208,1.484201
-2.040286,-1.187672,0.639546
-1.737592,-0.720483,0.814629
-0.812818,-0.906494,1.005261
-1.739457,-0.767150,0.666123
-1.763287,-0.852329,1.851944
-1.627977,-1.061155,0.881483
-1.765139,-0.829828,1.288152
-7.489524,5.988240,0.630769
-1.844821,-0.701208,1.858040
-12.077021,17.049626,1.420666
-1.801018,-0.757637,1.607104
-2.096956,-0.961591,0.880962
-1.790134,-0.966185,0.659516
-0.096303,-1.129162,1.522504
-1.597239,-0.645462,1.987614
16.547831,7.787394,1.010570
-1.720641,-0.400080,1.040567
-1.658702,-1.249114,1.112460
-2.122685,-1.047782,0.849145
-1.480154,-0.756157,1.848271
-1.730342,-0.413931,0.500283
-1.850240,-0.771086,1.069254
-1.926443,-0.876757,0.693273
-1.688304,-0.827536,1.218605
-1.757802,-0.714257,0.540763
-1.732074,-0.730560,1.561532
-1.542903,-0.390816,1.548973
-2.058423,-0.755225,1.432017
-1.807830,-0.863089,1.299014
-2.002743,-0.836289,0.827665
16.689612,7.762292,0.894974
-1.791377,-0.599266,0.925743
-2.086472,-1.256202,0.839527
-2.072052,-0.922498,0.596737
-1.774073,-0.764810,0.995612
-1.372273,-1.900419,1.439264
2.972880,6.235554,0.927936
-2.420461,-0.077986,1.683741
-1.772544,-0.773414,0.878461
12.100221,-6.781574,1.606349
-1.727900,-0.627942,1.802827
-1.676145,-0.487970,0.537713
-1.729407,-0.490898,1.866015
-1.590008,-1.617222,1.011224
18.260645,9.628267,1.922162
-2.061622,-0.936365,1.459408
-8.223093,1.912486,0.851277
-1.794270,-0.828960,0.894013
-2.054144,-1.084203,1.975760
-1.806963,-1.040155,1.837220
16.686919,7.682543,1.406108
-1.421295,-1.119796,1.204463
-1.762039,-1.046119,1.433780
-1.623041,-0.732515,1.211433
-1.924784,-0.798256,1.781204
-1.833442,-0.727343,1.765887
-1.623334,-0.929260,1.157808
-1.781824,-0.767263,0.566582
-1.817654,0.488991,0.926843
-1.758515,-0.711270,1.819794
-1.449509,-0.317897,1.513130
-1.720388,-0.731534,1.894140
-1.704445,-0.741109,1.594790
-1.322583,-0.561151,0.887260
-1.656936,-0.727345,1.577644
-2.030270,-0.301829,1.794321
-1.769350,-0.744777,1.744381
-1.962022,-0.719858,0.885041
-1.705765,-1.021929,1.493997
16.385943,-17.553660,1.324375
-1.859488,-0.426262,0.981622
-1.644379,-0.664676,1.469144
-1.119530,-0.748925,1.398039
-2.620534,0.156103,0.673606
18.238028,9.636252,1.456816
-1.586525,-0.648944,1.743527
-2.479429,-1.386433,1.542324
-1.706941,-0.577485,0.626589
-1.788570,-0.732041,1.712034
20.679543,-0.533402,1.725085
-1.613828,-0.834690,1.777762
-1.717829,-0.689432,1.313802
-1.888462,-0.949840,0.839419
-3.132766,-0.573473,1.368900
-1.880315,-0.155773,1.834478
-1.994903,-1.186219,0.541130
-1.970898,-0.970538,1.267522
4.908224,-4.789615,0.567168
-1.684994,-0.580673,1.009653
-1.918057,-0.954178,0.510066
-1.720778,-1.008048,1.393983
-1.746527,-0.543135,1.296628
-1.859744,-0.879395,1.339533
18.353395,9.621174,1.958038
6.224094,9.914865,1.297869
24.126151,11.143116,0.813296
-2.514060,0.236262,1.093151
16.561721,7.679826,1.231777
-1.940609,-0.685532,1.055595
-1.409619,-2.729304,1.166192
-0.806261,-0.844052,0.632303
16.672582,7.719522,0.546406
-1.817501,-0.763323,1.970163
-1.716778,-0.765281,0.752505
17.181173,7.894212,1.034278
-2.040473,-0.435710,0.765756
-1.881779,-0.612402,0.852556
-1.741975,-0.526230,0.747863
-2.123264,-1.274144,0.725782
-1.741764,-0.606370,1.673582
-1.640722,-0.996337,0.988735
-1.772512,-0.782908,1.596227
-1.793400,-0.679176,1.566327
-1.405398,-0.694240,1.389522
-1.926674,-0.630744,1.187700
-1.874896,-0.822303,1.323984
4.761447,-4.501285,1.200173
24.095059,-14.123361,1.923668
-1.843727,-0.753235,1.631932
-1.431331,-0.629087,1.237127
-1.810116,-0.754487,1.161836
-1.324489,-0.609782,1.043402
-2.379164,-3.225002,1.183969
-1.868067,-0.837369,1.387110
-1.238025,-0.529584,1.994184
17.028230,7.542011,1.460297
17.656670,8.962675,0.967849
21.649884,0.174685,1.957300
-1.914108,-0.730863,1.643895
-1.814057,-0.795331,1.808073
-1.927888,-0.740758,1.466705
-1.632947,-0.723416,1.599577
-1.034639,1.391049,1.985819
-0.080282,2.312944,0.634718
16.547955,7.851523,1.012674
-15.187060,-2.391585,0.508499
-1.909194,-1.021246,1.713775
-0.665161,-0.635565,0.656606
-1.780242,-0.665331,0.920502
-1.913453,-0.706987,0.959206
-1.791206,-0.998446,1.365561
-1.712982,-1.067149,0.651412
-2.278254,-0.981432,0.669397
-1.791615,-0.747537,1.217390
-1.055943,-0.094242,1.500282
-1.942008,-0.808722,1.101959
16.569191,7.746309,0.899252
-0.947758,-0.576529,1.763346
-1.591768,-0.727603,0.550504
-1.653972,-0.833797,1.639417
4.978766,-4.657110,1.800400
-1.774536,-0.754338,1.331986
-1.828797,-0.884467,1.194759
-1.455095,0.050358,0.934955
-1.350493,-0.741234,1.875188
-1.674174,-0.654477,0.737936
-2.424515,-0.538248,1.582582
-1.876563,-0.934748,0.654122
-1.888517,-0.868530,1.572558
-1.785024,-0.573904,1.374900
-2.867420,-1.096683,1.910673
-1.697013,-0.746688,1.740072
-2.017936,-1.036847,1.799822
-1.456094,-1.112364,1.914476
-1.861157,-0.819136,1.904482
-22.640411,7.233124,0.563438
-1.873457,-0.757782,1.766373
-8.228206,1.913684,0.881347
-1.829332,-0.869884,0.917659
-1.594493,-1.388957,1.915973
-1.639765,-0.927843,1.451510
-1.686468,-0.653555,1.247856
-1.744762,-0.810226,1.213952
-7.390724,-0.207170,1.656171
-1.994222,-0.515744,0.779034
-1.849638,-0.837620,1.579481
-2.073458,-1.140839,1.595745
-1.888580,-0.910558,1.631035
-1.795917,-0.670727,1.896211
11.249415,-9.320229,1.961888
4.869170,-4.542002,1.202231
-2.369228,-1.166866,0.564510
-1.865865,-0.822473,1.673023
-1.633379,-0.648838,1.532067
-1.574276,-0.704804,1.757398
-0.389908,-0.989558,0.547133
-1.958226,-0.722302,1.859099
12.430405,-4.841564,1.816471
-1.785623,-0.803638,1.643464
-1.993063,-0.997185,0.829708
-1.718623,-0.707257,1.363033
-1.977264,-0.894814,1.051600
-2.037382,-0.713626,0.998149
-1.437480,-0.833661,0.834895
-1.456679,-0.664744,1.352139
-1.571235,-0.744391,1.818883
-1.777166,-0.819966,1.744645
-2.319491,-1.139421,0.810642
-1.683101,-0.569898,1.565203
-1.549194,-0.578709,1.210101
-1.989722,-0.678103,1.373313
5.334141,5.763788,1.296106
-0.208155,-1.173579,1.341940
-1.342882,-0.074887,1.588441
-1.887631,-0.777489,1.770792
-1.854889,-0.970437,1.972480
-2.144994,-0.921127,0.745822
-1.818298,-0.974839,1.921093
-1.693670,-1.032176,1.308220
4.980711,-4.688052,1.535145
-1.740099,-0.847637,0.845376
-1.716170,-0.774631,0.952875
-1.506081,-1.097865,1.923607
-1.629544,-0.627572,1.892990
-2.157608,-1.054395,0.770462
-1.749660,-0.721757,1.795942
-1.824801,-0.816643,1.511523
-1.901672,-0.747249,1.290849
-1.585877,-0.630393,0.663340
-1.655016,-0.825591,1.110011
-1.617409,0.353634,0.828676
-1.795796,-0.821662,0.764143
16.554892,7.736950,0.521285
-2.264698,-0.933850,1.032562
-1.856738,-0.462340,1.929345
-1.737019,-0.699541,1.781333
-2.149026,-0.520567,0.848060
-1.757391,-0.852560,1.940252
-14.160961,-0.129051,1.404596
-1.769778,-1.390051,1.065478
-0.926330,-0.692906,0.569085
-7.597533,5.288681,1.272025
-1.810515,-0.743861,0.868711
-1.697617,-0.545489,0.500664
-7.529725,5.321914,1.985130
-1.488890,-1.103403,1.269080
-1.652903,-0.734491,0.636083
16.613937,7.750039,1.166548
-1.847016,-0.881049,1.988663
-1.762956,-1.047083,1.123406
-1.614793,-0.753102,1.816033
-1.750565,-0.728850,1.759724
-7.541355,5.211518,1.934480
-2.058617,-1.169613,0.837335
-1.669838,-1.013030,1.344987
-1.703099,-0.684296,1.759489
-1.756823,-0.820642,1.855636
-1.801259,-1.534400,1.644663
-1.814685,-0.917155,1.316759
2.038688,-8.511854,0.943542
-1.677738,-0.875210,1.454064
-1.784205,-0.809785,1.819245
-1.646905,-0.765878,1.740120
-1.847008,-0.858061,1.660859
-1.936508,-1.320125,1.273489
-1.906380,-0.810981,0.935044
-1.281738,0.145281,1.320051
-1.722656,-0.865501,0.591996
-1.786642,-0.848843,0.800840
16.562718,7.830568,1.156223
-1.409434,-0.823906,0.786678
-1.752643,-0.719875,1.460953
-1.914326,-0.756919,1.414447
-0.966317,-1.126607,0.879220
16.653213,7.839837,1.005447
-2.066604,-0.249059,0.830733
-2.017247,-1.298493,0.724402
-1.613718,-0.590899,1.630745
16.052033,16.676745,1.276394
-1.538629,-0.123659,1.222801
-2.303904,-1.612492,1.448239
-1.948717,-0.678257,1.671098
-7.642416,5.276898,1.958630
-1.666006,-1.346786,0.770294
-1.551890,-0.722586,0.683046
-1.893658,-1.050478,1.016906
16.715168,7.821887,0.713256
-1.713053,-0.630553,0.735989
-2.014223,-0.934620,1.506583
-1.979345,-0.633956,0.967976
-1.890396,-0.840857,1.080856
-1.881373,-0.397406,1.673257
-1.636112,-1.149884,1.423868
-1.852391,-0.833583,1.338471
-2.572962,-1.146838,1.301436
-1.757542,-0.730152,0.963252
-1.892592,-0.764437,1.942270
-2.849002,-2.434307,0.840091
-2.376255,-0.514800,1.515729
-1.594824,-0.711099,1.724616
